{
  "emotions_macro_f1": 0.176214176458946,
  "vad_ccc": 0.48958165884470023
}