{
  "emotions_macro_f1": 0.1670399921074668,
  "vad_ccc": 0.015345565097761006,
  "style_summary": {
    "shape": [
      500,
      5
    ]
  },
  "intent_summary": {
    "shape": [
      500,
      6
    ]
  },
  "safety_summary": {
    "shape": [
      500,
      4
    ]
  }
}